ID,EmployeeName,PaymentTypeName,ShopName,CreditCardType
1,Micheal,Credit Card,Red Cross Campsite,visa-electron
2,Jack,Cash,Dhoby Xchange,
3,Jollyn,Nets,Red Cross House,
4,Jack,Credit Card,Dhoby Xchange,maestro
5,Jollyn,Nets,Dhoby Xchange,
6,Jack,Cash,Dhoby Xchange,
7,Jack,Cash,Dhoby Xchange,
8,Jack,Cash,Dhoby Xchange,
9,Micheal,Credit Card,Red Cross Campsite,bankcard
10,Micheal,Nets,Red Cross Campsite,
11,Micheal,Cash,Red Cross House,
12,Jack,Credit Card,Dhoby Xchange,americanexpress
13,Jollyn,Nets,Red Cross House,
14,Bobby,Credit Card,Red Cross Campsite,solo
15,Jack,Nets,Red Cross House,
16,Bobby,Credit Card,Red Cross Campsite,mastercard
17,Bobby,Nets,Dhoby Xchange,
18,Jollyn,Nets,Red Cross House,
19,Micheal,Credit Card,Red Cross House,jcb
20,Micheal,Nets,Red Cross Campsite,
21,Bobby,Credit Card,Red Cross Campsite,china-unionpay
22,Bobby,Cash,Red Cross Campsite,
23,Bobby,Nets,Red Cross House,
24,Jollyn,Cash,Dhoby Xchange,
25,Bobby,Nets,Red Cross House,
26,Bobby,Credit Card,Dhoby Xchange,maestro
27,Bobby,Cash,Dhoby Xchange,
28,Jollyn,Nets,Dhoby Xchange,
29,Micheal,Cash,Red Cross Campsite,
30,Jollyn,Credit Card,Red Cross House,jcb
31,Bobby,Cash,Red Cross Campsite,
32,Jack,Credit Card,Dhoby Xchange,jcb
33,Micheal,Nets,Red Cross House,
34,Jollyn,Nets,Dhoby Xchange,
35,Jollyn,Credit Card,Red Cross Campsite,china-unionpay
36,Bobby,Credit Card,Dhoby Xchange,china-unionpay
37,Micheal,Cash,Red Cross Campsite,
38,Micheal,Cash,Red Cross Campsite,
39,Jack,Nets,Dhoby Xchange,
40,Micheal,Credit Card,Red Cross House,diners-club
41,Micheal,Cash,Red Cross House,
42,Micheal,Nets,Red Cross Campsite,
43,Micheal,Cash,Red Cross House,
44,Micheal,Cash,Red Cross House,
45,Bobby,Nets,Red Cross House,
46,Bobby,Credit Card,Red Cross House,jcb
47,Jollyn,Credit Card,Red Cross House,bankcard
48,Micheal,Credit Card,Red Cross House,mastercard
49,Jollyn,Nets,Red Cross House,
50,Micheal,Cash,Red Cross House,
51,Bobby,Nets,Red Cross House,
52,Micheal,Nets,Red Cross Campsite,
53,Jack,Cash,Dhoby Xchange,
54,Bobby,Cash,Red Cross House,
55,Jollyn,Nets,Red Cross Campsite,
56,Bobby,Nets,Dhoby Xchange,
57,Jack,Cash,Red Cross House,
58,Jollyn,Cash,Dhoby Xchange,
59,Jack,Nets,Red Cross Campsite,
60,Micheal,Cash,Red Cross House,
61,Jack,Credit Card,Red Cross Campsite,maestro
62,Jollyn,Credit Card,Red Cross Campsite,mastercard
63,Jollyn,Cash,Red Cross House,
64,Jollyn,Cash,Red Cross House,
65,Jack,Credit Card,Red Cross Campsite,mastercard
66,Bobby,Credit Card,Red Cross House,mastercard
67,Micheal,Cash,Red Cross House,
68,Micheal,Credit Card,Dhoby Xchange,diners-club
69,Micheal,Credit Card,Red Cross House,jcb
70,Jollyn,Nets,Red Cross House,
71,Jack,Credit Card,Dhoby Xchange,jcb
72,Jollyn,Nets,Red Cross Campsite,
73,Micheal,Nets,Dhoby Xchange,
74,Micheal,Credit Card,Red Cross Campsite,laser
75,Jack,Credit Card,Dhoby Xchange,mastercard
76,Jollyn,Cash,Red Cross Campsite,
77,Micheal,Cash,Dhoby Xchange,
78,Bobby,Nets,Red Cross House,
79,Bobby,Credit Card,Dhoby Xchange,jcb
80,Jack,Cash,Red Cross House,
81,Jack,Credit Card,Red Cross House,china-unionpay
82,Micheal,Nets,Dhoby Xchange,
83,Micheal,Cash,Red Cross Campsite,
84,Jack,Cash,Red Cross Campsite,
85,Jack,Credit Card,Red Cross House,jcb
86,Micheal,Credit Card,Dhoby Xchange,diners-club
87,Jollyn,Nets,Red Cross House,
88,Micheal,Credit Card,Dhoby Xchange,jcb
89,Micheal,Nets,Red Cross House,
90,Jack,Cash,Red Cross House,
91,Bobby,Credit Card,Red Cross Campsite,bankcard
92,Jack,Cash,Red Cross House,
93,Bobby,Nets,Dhoby Xchange,
94,Jollyn,Nets,Red Cross Campsite,
95,Micheal,Credit Card,Red Cross House,mastercard
96,Jack,Credit Card,Red Cross House,jcb
97,Jollyn,Credit Card,Red Cross Campsite,switch
98,Jollyn,Credit Card,Red Cross Campsite,maestro
99,Jollyn,Credit Card,Red Cross Campsite,maestro
100,Jack,Nets,Red Cross Campsite,
101,Bobby,Cash,Red Cross Campsite,
102,Jack,Credit Card,Red Cross Campsite,maestro
103,Jollyn,Nets,Red Cross House,
104,Jollyn,Cash,Red Cross House,
105,Jollyn,Nets,Dhoby Xchange,
106,Bobby,Cash,Red Cross Campsite,
107,Micheal,Cash,Red Cross House,
108,Jollyn,Credit Card,Red Cross House,mastercard
109,Bobby,Cash,Dhoby Xchange,
110,Jollyn,Nets,Red Cross Campsite,
111,Jack,Cash,Red Cross House,
112,Bobby,Cash,Red Cross Campsite,
113,Bobby,Credit Card,Red Cross Campsite,mastercard
114,Bobby,Nets,Red Cross House,
115,Jack,Cash,Red Cross House,
116,Micheal,Nets,Dhoby Xchange,
117,Micheal,Nets,Red Cross Campsite,
118,Jack,Cash,Red Cross House,
119,Bobby,Credit Card,Red Cross Campsite,diners-club
120,Jollyn,Nets,Dhoby Xchange,
121,Jack,Credit Card,Dhoby Xchange,visa-electron
122,Bobby,Nets,Dhoby Xchange,
123,Bobby,Credit Card,Red Cross House,mastercard
124,Jollyn,Nets,Red Cross House,
125,Jack,Credit Card,Dhoby Xchange,laser
126,Bobby,Nets,Red Cross Campsite,
127,Micheal,Cash,Red Cross House,
128,Jack,Cash,Red Cross House,
129,Micheal,Credit Card,Red Cross House,jcb
130,Bobby,Nets,Red Cross House,
131,Jollyn,Credit Card,Red Cross House,jcb
132,Jollyn,Credit Card,Red Cross Campsite,visa-electron
133,Micheal,Credit Card,Red Cross House,diners-club
134,Bobby,Nets,Dhoby Xchange,
135,Bobby,Nets,Red Cross House,
136,Jollyn,Nets,Dhoby Xchange,
137,Jack,Cash,Red Cross Campsite,
138,Jack,Cash,Red Cross Campsite,
139,Bobby,Nets,Red Cross House,
140,Bobby,Nets,Red Cross Campsite,
141,Jack,Cash,Red Cross House,
142,Jollyn,Nets,Red Cross Campsite,
143,Bobby,Credit Card,Dhoby Xchange,jcb
144,Bobby,Nets,Red Cross Campsite,
145,Micheal,Nets,Dhoby Xchange,
146,Jack,Nets,Red Cross House,
147,Micheal,Cash,Red Cross Campsite,
148,Jollyn,Nets,Red Cross House,
149,Bobby,Credit Card,Dhoby Xchange,jcb
150,Micheal,Credit Card,Dhoby Xchange,jcb
151,Bobby,Nets,Red Cross Campsite,
152,Bobby,Credit Card,Red Cross House,jcb
153,Micheal,Cash,Red Cross House,
154,Bobby,Credit Card,Red Cross Campsite,mastercard
155,Bobby,Nets,Dhoby Xchange,
156,Micheal,Cash,Dhoby Xchange,
157,Bobby,Nets,Red Cross House,
158,Bobby,Cash,Red Cross House,
159,Jollyn,Credit Card,Dhoby Xchange,jcb
160,Bobby,Nets,Red Cross House,
161,Jollyn,Cash,Red Cross Campsite,
162,Jack,Cash,Dhoby Xchange,
163,Jollyn,Credit Card,Dhoby Xchange,diners-club
164,Bobby,Credit Card,Red Cross Campsite,diners-club
165,Bobby,Cash,Red Cross House,
166,Bobby,Credit Card,Red Cross House,americanexpress
167,Bobby,Cash,Red Cross Campsite,
168,Jollyn,Cash,Red Cross House,
169,Micheal,Credit Card,Dhoby Xchange,jcb
170,Bobby,Nets,Dhoby Xchange,
171,Micheal,Nets,Dhoby Xchange,
172,Micheal,Credit Card,Red Cross Campsite,mastercard
173,Micheal,Credit Card,Red Cross Campsite,jcb
174,Micheal,Nets,Red Cross House,
175,Jollyn,Nets,Red Cross House,
176,Jollyn,Credit Card,Red Cross Campsite,diners-club
177,Jack,Cash,Red Cross Campsite,
178,Micheal,Cash,Dhoby Xchange,
179,Jollyn,Nets,Red Cross Campsite,
180,Jack,Credit Card,Red Cross House,maestro
181,Jack,Cash,Red Cross Campsite,
182,Jack,Nets,Dhoby Xchange,
183,Micheal,Credit Card,Dhoby Xchange,jcb
184,Bobby,Credit Card,Red Cross House,jcb
185,Micheal,Credit Card,Red Cross House,jcb
186,Jack,Cash,Red Cross Campsite,
187,Micheal,Credit Card,Red Cross Campsite,jcb
188,Jack,Nets,Red Cross Campsite,
189,Jack,Nets,Red Cross Campsite,
190,Bobby,Credit Card,Red Cross Campsite,mastercard
191,Micheal,Cash,Dhoby Xchange,
192,Micheal,Nets,Dhoby Xchange,
193,Jollyn,Cash,Red Cross House,
194,Micheal,Credit Card,Red Cross Campsite,jcb
195,Jack,Credit Card,Dhoby Xchange,laser
196,Jack,Cash,Red Cross House,
197,Jollyn,Cash,Red Cross Campsite,
198,Jollyn,Credit Card,Dhoby Xchange,switch
199,Jollyn,Credit Card,Red Cross Campsite,jcb
200,Bobby,Nets,Red Cross House,
201,Bobby,Cash,Red Cross Campsite,
202,Micheal,Nets,Red Cross House,
203,Bobby,Nets,Dhoby Xchange,
204,Jollyn,Nets,Red Cross Campsite,
205,Bobby,Credit Card,Red Cross Campsite,jcb
206,Jack,Nets,Red Cross Campsite,
207,Micheal,Credit Card,Red Cross Campsite,china-unionpay
208,Bobby,Credit Card,Red Cross House,mastercard
209,Jack,Cash,Dhoby Xchange,
210,Bobby,Nets,Red Cross Campsite,
211,Jollyn,Cash,Dhoby Xchange,
212,Micheal,Credit Card,Red Cross House,americanexpress
213,Jollyn,Cash,Dhoby Xchange,
214,Micheal,Cash,Red Cross Campsite,
215,Bobby,Cash,Red Cross Campsite,
216,Micheal,Cash,Dhoby Xchange,
217,Micheal,Credit Card,Dhoby Xchange,switch
218,Jack,Cash,Red Cross House,
219,Jollyn,Nets,Red Cross Campsite,
220,Micheal,Nets,Red Cross House,
221,Jack,Credit Card,Dhoby Xchange,visa-electron
222,Micheal,Nets,Red Cross Campsite,
223,Jollyn,Credit Card,Dhoby Xchange,china-unionpay
224,Jack,Cash,Red Cross House,
225,Jack,Cash,Red Cross Campsite,
226,Micheal,Nets,Red Cross House,
227,Micheal,Cash,Dhoby Xchange,
228,Bobby,Cash,Dhoby Xchange,
229,Micheal,Nets,Red Cross Campsite,
230,Micheal,Credit Card,Dhoby Xchange,diners-club
231,Jack,Cash,Red Cross House,
232,Jollyn,Cash,Red Cross House,
233,Jack,Credit Card,Red Cross House,jcb
234,Bobby,Nets,Red Cross House,
235,Micheal,Nets,Dhoby Xchange,
236,Jollyn,Nets,Red Cross Campsite,
237,Jollyn,Cash,Red Cross House,
238,Bobby,Cash,Red Cross Campsite,
239,Micheal,Credit Card,Dhoby Xchange,switch
240,Micheal,Cash,Red Cross House,
241,Bobby,Cash,Red Cross House,
242,Jollyn,Nets,Red Cross House,
243,Micheal,Nets,Red Cross House,
244,Bobby,Cash,Red Cross Campsite,
245,Bobby,Nets,Dhoby Xchange,
246,Jollyn,Nets,Red Cross Campsite,
247,Bobby,Cash,Red Cross Campsite,
248,Micheal,Cash,Red Cross Campsite,
249,Jollyn,Cash,Red Cross Campsite,
250,Jack,Cash,Red Cross House,
251,Bobby,Credit Card,Red Cross House,visa-electron
252,Jack,Cash,Red Cross House,
253,Jollyn,Nets,Red Cross House,
254,Jack,Nets,Dhoby Xchange,
255,Jack,Cash,Red Cross House,
256,Bobby,Cash,Red Cross Campsite,
257,Jollyn,Credit Card,Red Cross House,bankcard
258,Bobby,Credit Card,Dhoby Xchange,jcb
259,Bobby,Nets,Red Cross Campsite,
260,Jack,Cash,Dhoby Xchange,
261,Bobby,Nets,Dhoby Xchange,
262,Micheal,Nets,Red Cross Campsite,
263,Bobby,Nets,Dhoby Xchange,
264,Micheal,Nets,Red Cross Campsite,
265,Bobby,Nets,Dhoby Xchange,
266,Micheal,Cash,Red Cross House,
267,Jollyn,Cash,Red Cross Campsite,
268,Micheal,Nets,Dhoby Xchange,
269,Jollyn,Cash,Red Cross House,
270,Jollyn,Cash,Red Cross House,
271,Micheal,Cash,Dhoby Xchange,
272,Jollyn,Credit Card,Dhoby Xchange,maestro
273,Jack,Credit Card,Red Cross Campsite,jcb
274,Micheal,Nets,Dhoby Xchange,
275,Bobby,Nets,Red Cross House,
276,Bobby,Credit Card,Red Cross Campsite,jcb
277,Micheal,Credit Card,Red Cross Campsite,jcb
278,Jollyn,Cash,Red Cross Campsite,
279,Jollyn,Credit Card,Red Cross House,diners-club
280,Micheal,Credit Card,Dhoby Xchange,jcb
281,Micheal,Nets,Dhoby Xchange,
282,Jack,Nets,Dhoby Xchange,
283,Micheal,Nets,Red Cross House,
284,Jollyn,Nets,Dhoby Xchange,
285,Bobby,Credit Card,Red Cross Campsite,jcb
286,Jack,Cash,Red Cross House,
287,Jollyn,Cash,Red Cross House,
288,Jack,Nets,Red Cross Campsite,
289,Bobby,Nets,Red Cross Campsite,
290,Jollyn,Nets,Red Cross Campsite,
291,Bobby,Nets,Red Cross Campsite,
292,Micheal,Credit Card,Red Cross House,jcb
293,Jack,Nets,Dhoby Xchange,
294,Jollyn,Credit Card,Dhoby Xchange,jcb
295,Jollyn,Cash,Red Cross Campsite,
296,Jack,Nets,Red Cross Campsite,
297,Micheal,Nets,Dhoby Xchange,
298,Jollyn,Credit Card,Red Cross Campsite,jcb
299,Jack,Credit Card,Red Cross House,visa-electron
300,Jack,Cash,Red Cross House,
301,Jack,Credit Card,Dhoby Xchange,jcb
302,Micheal,Cash,Red Cross House,
303,Micheal,Nets,Red Cross House,
304,Jack,Cash,Red Cross House,
305,Micheal,Nets,Red Cross Campsite,
306,Bobby,Credit Card,Red Cross Campsite,jcb
307,Jack,Cash,Red Cross House,
308,Micheal,Nets,Dhoby Xchange,
309,Jollyn,Nets,Dhoby Xchange,
310,Bobby,Cash,Dhoby Xchange,
311,Micheal,Cash,Red Cross House,
312,Jack,Credit Card,Red Cross Campsite,jcb
313,Bobby,Nets,Red Cross House,
314,Bobby,Nets,Dhoby Xchange,
315,Micheal,Cash,Red Cross Campsite,
316,Jollyn,Cash,Red Cross House,
317,Jollyn,Credit Card,Red Cross House,maestro
318,Bobby,Nets,Red Cross House,
319,Micheal,Credit Card,Red Cross Campsite,jcb
320,Micheal,Cash,Dhoby Xchange,
321,Jollyn,Credit Card,Dhoby Xchange,bankcard
322,Jollyn,Nets,Red Cross Campsite,
323,Bobby,Nets,Dhoby Xchange,
324,Jollyn,Nets,Red Cross Campsite,
325,Micheal,Nets,Red Cross House,
326,Jack,Credit Card,Red Cross Campsite,maestro
327,Bobby,Nets,Red Cross House,
328,Bobby,Cash,Red Cross Campsite,
329,Bobby,Nets,Red Cross House,
330,Micheal,Cash,Red Cross Campsite,
331,Jack,Cash,Red Cross House,
332,Jollyn,Credit Card,Red Cross Campsite,switch
333,Jack,Nets,Dhoby Xchange,
334,Jollyn,Cash,Red Cross House,
335,Bobby,Cash,Red Cross Campsite,
336,Jack,Credit Card,Red Cross Campsite,jcb
337,Micheal,Credit Card,Dhoby Xchange,visa-electron
338,Bobby,Cash,Red Cross House,
339,Bobby,Credit Card,Red Cross Campsite,visa-electron
340,Micheal,Cash,Dhoby Xchange,
341,Jollyn,Nets,Red Cross House,
342,Bobby,Credit Card,Red Cross House,jcb
343,Jollyn,Credit Card,Dhoby Xchange,jcb
344,Jack,Credit Card,Red Cross Campsite,jcb
345,Jollyn,Nets,Red Cross House,
346,Bobby,Nets,Dhoby Xchange,
347,Jack,Cash,Dhoby Xchange,
348,Jack,Cash,Red Cross House,
349,Micheal,Cash,Red Cross Campsite,
350,Jollyn,Cash,Dhoby Xchange,
351,Jack,Nets,Red Cross House,
352,Jollyn,Cash,Red Cross Campsite,
353,Jollyn,Credit Card,Dhoby Xchange,diners-club
354,Micheal,Cash,Red Cross House,
355,Bobby,Cash,Red Cross House,
356,Jack,Cash,Red Cross Campsite,
357,Jack,Cash,Dhoby Xchange,
358,Jack,Credit Card,Red Cross House,bankcard
359,Jack,Nets,Red Cross Campsite,
360,Bobby,Nets,Red Cross Campsite,
361,Jollyn,Nets,Dhoby Xchange,
362,Jollyn,Credit Card,Red Cross Campsite,bankcard
363,Bobby,Nets,Red Cross Campsite,
364,Bobby,Credit Card,Red Cross House,americanexpress
365,Micheal,Nets,Red Cross Campsite,
366,Jack,Cash,Dhoby Xchange,
367,Jack,Cash,Red Cross Campsite,
368,Jollyn,Credit Card,Dhoby Xchange,mastercard
369,Bobby,Cash,Red Cross Campsite,
370,Micheal,Nets,Dhoby Xchange,
371,Bobby,Nets,Red Cross House,
372,Bobby,Credit Card,Red Cross House,diners-club
373,Jack,Nets,Dhoby Xchange,
374,Bobby,Credit Card,Red Cross House,visa-electron
375,Jollyn,Nets,Red Cross House,
376,Bobby,Nets,Dhoby Xchange,
377,Jollyn,Credit Card,Red Cross House,americanexpress
378,Bobby,Cash,Dhoby Xchange,
379,Micheal,Cash,Dhoby Xchange,
380,Jack,Nets,Dhoby Xchange,
381,Micheal,Nets,Dhoby Xchange,
382,Bobby,Credit Card,Dhoby Xchange,jcb
383,Jollyn,Credit Card,Red Cross Campsite,mastercard
384,Bobby,Credit Card,Red Cross House,americanexpress
385,Bobby,Nets,Red Cross House,
386,Jack,Credit Card,Dhoby Xchange,jcb
387,Jack,Credit Card,Red Cross Campsite,visa-electron
388,Jollyn,Credit Card,Red Cross House,jcb
389,Jollyn,Cash,Red Cross Campsite,
390,Bobby,Nets,Dhoby Xchange,
391,Jack,Cash,Red Cross House,
392,Jollyn,Cash,Red Cross Campsite,
393,Micheal,Credit Card,Red Cross Campsite,mastercard
394,Bobby,Nets,Red Cross House,
395,Micheal,Nets,Red Cross Campsite,
396,Bobby,Nets,Red Cross Campsite,
397,Jack,Credit Card,Red Cross Campsite,jcb
398,Jack,Nets,Red Cross House,
399,Bobby,Credit Card,Red Cross Campsite,jcb
400,Bobby,Credit Card,Red Cross House,mastercard
401,Bobby,Nets,Red Cross Campsite,
402,Jack,Cash,Dhoby Xchange,
403,Micheal,Nets,Red Cross House,
404,Jack,Nets,Dhoby Xchange,
405,Jack,Credit Card,Red Cross House,jcb
406,Jack,Credit Card,Red Cross Campsite,switch
407,Jollyn,Credit Card,Dhoby Xchange,visa-electron
408,Micheal,Credit Card,Red Cross House,jcb
409,Jack,Credit Card,Dhoby Xchange,jcb
410,Bobby,Nets,Red Cross Campsite,
411,Jack,Cash,Dhoby Xchange,
412,Jollyn,Credit Card,Red Cross House,jcb
413,Jollyn,Credit Card,Red Cross Campsite,americanexpress
414,Bobby,Credit Card,Red Cross Campsite,americanexpress
415,Bobby,Credit Card,Red Cross Campsite,bankcard
416,Micheal,Nets,Dhoby Xchange,
417,Bobby,Credit Card,Red Cross House,diners-club
418,Micheal,Cash,Dhoby Xchange,
419,Micheal,Cash,Red Cross House,
420,Bobby,Nets,Dhoby Xchange,
421,Jollyn,Nets,Red Cross Campsite,
422,Bobby,Cash,Red Cross House,
423,Micheal,Cash,Red Cross Campsite,
424,Jollyn,Nets,Red Cross Campsite,
425,Bobby,Cash,Red Cross Campsite,
426,Jollyn,Cash,Dhoby Xchange,
427,Jollyn,Nets,Red Cross House,
428,Micheal,Credit Card,Red Cross House,jcb
429,Micheal,Cash,Red Cross Campsite,
430,Bobby,Nets,Red Cross House,
431,Micheal,Cash,Dhoby Xchange,
432,Bobby,Cash,Dhoby Xchange,
433,Jack,Cash,Dhoby Xchange,
434,Micheal,Cash,Red Cross Campsite,
435,Micheal,Nets,Red Cross Campsite,
436,Bobby,Credit Card,Red Cross House,laser
437,Micheal,Credit Card,Red Cross House,jcb
438,Jack,Credit Card,Red Cross Campsite,diners-club
439,Jack,Cash,Dhoby Xchange,
440,Micheal,Cash,Dhoby Xchange,
441,Micheal,Nets,Dhoby Xchange,
442,Bobby,Nets,Red Cross Campsite,
443,Jack,Nets,Red Cross Campsite,
444,Bobby,Nets,Red Cross Campsite,
445,Bobby,Credit Card,Dhoby Xchange,jcb
446,Micheal,Nets,Dhoby Xchange,
447,Micheal,Cash,Red Cross House,
448,Jack,Nets,Dhoby Xchange,
449,Jack,Credit Card,Red Cross House,jcb
450,Bobby,Nets,Red Cross House,
451,Jollyn,Credit Card,Red Cross House,jcb
452,Bobby,Credit Card,Red Cross House,jcb
453,Jack,Credit Card,Red Cross Campsite,jcb
454,Jollyn,Cash,Dhoby Xchange,
455,Micheal,Nets,Dhoby Xchange,
456,Micheal,Cash,Red Cross Campsite,
457,Bobby,Nets,Dhoby Xchange,
458,Micheal,Credit Card,Dhoby Xchange,mastercard
459,Jollyn,Credit Card,Red Cross Campsite,americanexpress
460,Jollyn,Nets,Dhoby Xchange,
461,Bobby,Nets,Dhoby Xchange,
462,Jollyn,Credit Card,Dhoby Xchange,diners-club
463,Bobby,Credit Card,Red Cross House,jcb
464,Jollyn,Cash,Dhoby Xchange,
465,Micheal,Credit Card,Dhoby Xchange,jcb
466,Jack,Cash,Red Cross House,
467,Jack,Credit Card,Red Cross Campsite,solo
468,Jollyn,Cash,Red Cross Campsite,
469,Jack,Cash,Red Cross Campsite,
470,Bobby,Cash,Red Cross House,
471,Bobby,Cash,Red Cross House,
472,Jack,Cash,Red Cross House,
473,Jack,Credit Card,Red Cross House,jcb
474,Micheal,Nets,Red Cross Campsite,
475,Micheal,Nets,Red Cross Campsite,
476,Jack,Cash,Red Cross Campsite,
477,Jack,Nets,Dhoby Xchange,
478,Bobby,Nets,Red Cross Campsite,
479,Micheal,Credit Card,Dhoby Xchange,jcb
480,Micheal,Credit Card,Dhoby Xchange,jcb
481,Bobby,Cash,Red Cross Campsite,
482,Micheal,Cash,Red Cross House,
483,Jack,Credit Card,Dhoby Xchange,jcb
484,Bobby,Nets,Red Cross House,
485,Jack,Cash,Red Cross House,
486,Jollyn,Cash,Dhoby Xchange,
487,Bobby,Nets,Red Cross House,
488,Micheal,Credit Card,Dhoby Xchange,bankcard
489,Micheal,Cash,Red Cross House,
490,Jack,Credit Card,Red Cross Campsite,americanexpress
491,Bobby,Nets,Red Cross Campsite,
492,Jack,Nets,Dhoby Xchange,
493,Jollyn,Credit Card,Dhoby Xchange,bankcard
494,Jack,Credit Card,Dhoby Xchange,china-unionpay
495,Bobby,Credit Card,Red Cross Campsite,diners-club
496,Bobby,Cash,Red Cross House,
497,Jack,Nets,Red Cross Campsite,
498,Jack,Cash,Dhoby Xchange,
499,Micheal,Nets,Red Cross House,
500,Micheal,Nets,Dhoby Xchange,
501,Jack,Nets,Red Cross House,
502,Jollyn,Cash,Dhoby Xchange,
503,Micheal,Nets,Red Cross House,
504,Jack,Nets,Dhoby Xchange,
505,Jack,Nets,Dhoby Xchange,
506,Micheal,Cash,Red Cross House,
507,Jollyn,Nets,Dhoby Xchange,
508,Micheal,Nets,Dhoby Xchange,
509,Jack,Cash,Dhoby Xchange,
510,Micheal,Cash,Red Cross Campsite,
511,Jollyn,Nets,Red Cross House,
512,Micheal,Nets,Red Cross Campsite,
513,Bobby,Cash,Red Cross House,
514,Jollyn,Nets,Dhoby Xchange,
515,Micheal,Credit Card,Red Cross Campsite,jcb
516,Micheal,Credit Card,Red Cross Campsite,jcb
517,Jollyn,Nets,Dhoby Xchange,
518,Micheal,Cash,Red Cross House,
519,Jollyn,Nets,Red Cross Campsite,
520,Bobby,Credit Card,Dhoby Xchange,jcb
521,Jollyn,Credit Card,Red Cross House,laser
522,Jollyn,Credit Card,Red Cross House,jcb
523,Micheal,Credit Card,Red Cross Campsite,maestro
524,Bobby,Cash,Dhoby Xchange,
525,Bobby,Nets,Red Cross House,
526,Micheal,Cash,Red Cross House,
527,Jollyn,Nets,Red Cross Campsite,
528,Micheal,Credit Card,Red Cross Campsite,jcb
529,Micheal,Cash,Red Cross House,
530,Bobby,Cash,Red Cross Campsite,
531,Jack,Cash,Red Cross House,
532,Micheal,Nets,Red Cross House,
533,Jollyn,Credit Card,Dhoby Xchange,mastercard
534,Micheal,Cash,Red Cross Campsite,
535,Jollyn,Nets,Red Cross Campsite,
536,Jack,Nets,Red Cross House,
537,Jollyn,Cash,Dhoby Xchange,
538,Jollyn,Cash,Red Cross House,
539,Micheal,Nets,Dhoby Xchange,
540,Jack,Cash,Dhoby Xchange,
541,Bobby,Cash,Red Cross Campsite,
542,Micheal,Cash,Red Cross House,
543,Jack,Nets,Red Cross Campsite,
544,Bobby,Nets,Dhoby Xchange,
545,Micheal,Credit Card,Red Cross Campsite,china-unionpay
546,Jack,Cash,Dhoby Xchange,
547,Jollyn,Credit Card,Red Cross Campsite,visa-electron
548,Jack,Credit Card,Red Cross Campsite,jcb
549,Micheal,Cash,Dhoby Xchange,
550,Micheal,Credit Card,Dhoby Xchange,jcb
551,Jack,Cash,Red Cross Campsite,
552,Jollyn,Cash,Red Cross Campsite,
553,Micheal,Nets,Red Cross Campsite,
554,Micheal,Cash,Red Cross Campsite,
555,Jollyn,Cash,Red Cross Campsite,
556,Jollyn,Nets,Dhoby Xchange,
557,Jack,Cash,Red Cross House,
558,Micheal,Cash,Red Cross Campsite,
559,Bobby,Nets,Red Cross House,
560,Micheal,Credit Card,Red Cross House,americanexpress
561,Bobby,Cash,Red Cross Campsite,
562,Micheal,Cash,Red Cross House,
563,Jack,Nets,Dhoby Xchange,
564,Jack,Nets,Red Cross Campsite,
565,Bobby,Credit Card,Red Cross Campsite,visa-electron
566,Jack,Credit Card,Dhoby Xchange,mastercard
567,Micheal,Nets,Red Cross Campsite,
568,Bobby,Credit Card,Red Cross Campsite,jcb
569,Jollyn,Credit Card,Red Cross Campsite,visa-electron
570,Jollyn,Nets,Red Cross Campsite,
571,Micheal,Cash,Red Cross House,
572,Micheal,Credit Card,Red Cross Campsite,jcb
573,Bobby,Nets,Dhoby Xchange,
574,Jollyn,Nets,Dhoby Xchange,
575,Micheal,Credit Card,Red Cross House,americanexpress
576,Jack,Nets,Red Cross House,
577,Jack,Cash,Dhoby Xchange,
578,Jollyn,Credit Card,Dhoby Xchange,diners-club
579,Bobby,Nets,Red Cross House,
580,Jollyn,Cash,Red Cross House,
581,Jollyn,Cash,Red Cross House,
582,Micheal,Credit Card,Red Cross House,switch
583,Bobby,Credit Card,Red Cross House,laser
584,Micheal,Credit Card,Red Cross House,switch
585,Micheal,Cash,Dhoby Xchange,
586,Jack,Nets,Red Cross Campsite,
587,Jollyn,Credit Card,Red Cross House,china-unionpay
588,Micheal,Credit Card,Red Cross Campsite,maestro
589,Micheal,Cash,Dhoby Xchange,
590,Jollyn,Nets,Red Cross House,
591,Micheal,Nets,Red Cross Campsite,
592,Bobby,Nets,Red Cross House,
593,Jollyn,Cash,Dhoby Xchange,
594,Micheal,Cash,Red Cross House,
595,Bobby,Credit Card,Red Cross House,jcb
596,Jollyn,Credit Card,Red Cross Campsite,maestro
597,Jack,Cash,Dhoby Xchange,
598,Jack,Nets,Red Cross House,
599,Jack,Cash,Red Cross Campsite,
600,Bobby,Nets,Red Cross House,
601,Micheal,Cash,Dhoby Xchange,
602,Bobby,Credit Card,Red Cross House,americanexpress
603,Bobby,Cash,Dhoby Xchange,
604,Jollyn,Nets,Red Cross Campsite,
605,Jack,Credit Card,Red Cross Campsite,mastercard
606,Bobby,Nets,Dhoby Xchange,
607,Jack,Nets,Red Cross House,
608,Micheal,Credit Card,Dhoby Xchange,china-unionpay
609,Jack,Credit Card,Red Cross Campsite,jcb
610,Micheal,Credit Card,Red Cross Campsite,jcb
611,Micheal,Cash,Red Cross Campsite,
612,Micheal,Cash,Red Cross Campsite,
613,Bobby,Credit Card,Dhoby Xchange,jcb
614,Jack,Nets,Red Cross Campsite,
615,Micheal,Cash,Red Cross Campsite,
616,Micheal,Cash,Dhoby Xchange,
617,Bobby,Nets,Dhoby Xchange,
618,Jack,Cash,Red Cross House,
619,Jack,Cash,Red Cross House,
620,Jollyn,Credit Card,Red Cross Campsite,americanexpress
621,Micheal,Credit Card,Dhoby Xchange,jcb
622,Bobby,Cash,Red Cross Campsite,
623,Micheal,Cash,Red Cross Campsite,
624,Bobby,Credit Card,Red Cross House,jcb
625,Jollyn,Cash,Dhoby Xchange,
626,Jollyn,Cash,Red Cross House,
627,Micheal,Nets,Red Cross House,
628,Micheal,Credit Card,Red Cross Campsite,mastercard
629,Jollyn,Nets,Red Cross House,
630,Micheal,Credit Card,Dhoby Xchange,switch
631,Bobby,Nets,Red Cross Campsite,
632,Bobby,Credit Card,Red Cross House,jcb
633,Micheal,Nets,Red Cross Campsite,
634,Jollyn,Nets,Red Cross House,
635,Micheal,Credit Card,Red Cross House,jcb
636,Bobby,Cash,Dhoby Xchange,
637,Bobby,Cash,Red Cross Campsite,
638,Bobby,Nets,Red Cross Campsite,
639,Jack,Cash,Dhoby Xchange,
640,Bobby,Cash,Red Cross House,
641,Jollyn,Credit Card,Red Cross Campsite,laser
642,Micheal,Cash,Red Cross Campsite,
643,Micheal,Cash,Red Cross House,
644,Jack,Nets,Red Cross House,
645,Jollyn,Nets,Red Cross Campsite,
646,Jack,Nets,Red Cross Campsite,
647,Jack,Nets,Red Cross House,
648,Jack,Cash,Dhoby Xchange,
649,Jollyn,Cash,Red Cross Campsite,
650,Jollyn,Nets,Red Cross Campsite,
651,Bobby,Credit Card,Red Cross House,laser
652,Micheal,Credit Card,Red Cross House,jcb
653,Micheal,Nets,Red Cross Campsite,
654,Micheal,Cash,Red Cross House,
655,Bobby,Cash,Dhoby Xchange,
656,Micheal,Nets,Red Cross Campsite,
657,Bobby,Credit Card,Red Cross House,switch
658,Jollyn,Credit Card,Dhoby Xchange,jcb
659,Micheal,Nets,Red Cross Campsite,
660,Jack,Credit Card,Dhoby Xchange,americanexpress
661,Micheal,Credit Card,Red Cross Campsite,visa-electron
662,Bobby,Cash,Dhoby Xchange,
663,Bobby,Cash,Red Cross House,
664,Jack,Credit Card,Dhoby Xchange,diners-club
665,Micheal,Credit Card,Red Cross Campsite,mastercard
666,Jollyn,Cash,Red Cross House,
667,Jollyn,Credit Card,Red Cross House,mastercard
668,Bobby,Nets,Red Cross House,
669,Jollyn,Credit Card,Red Cross Campsite,jcb
670,Jollyn,Nets,Dhoby Xchange,
671,Jack,Credit Card,Dhoby Xchange,mastercard
672,Jack,Nets,Red Cross Campsite,
673,Bobby,Nets,Red Cross Campsite,
674,Micheal,Credit Card,Dhoby Xchange,visa-electron
675,Bobby,Nets,Red Cross Campsite,
676,Bobby,Credit Card,Red Cross House,china-unionpay
677,Jack,Nets,Red Cross Campsite,
678,Jollyn,Credit Card,Red Cross Campsite,jcb
679,Jollyn,Nets,Red Cross House,
680,Jollyn,Nets,Dhoby Xchange,
681,Jack,Cash,Red Cross Campsite,
682,Jollyn,Credit Card,Dhoby Xchange,instapayment
683,Bobby,Credit Card,Red Cross Campsite,americanexpress
684,Jollyn,Credit Card,Red Cross House,laser
685,Jollyn,Credit Card,Red Cross House,mastercard
686,Jollyn,Cash,Red Cross House,
687,Jack,Nets,Red Cross House,
688,Bobby,Nets,Red Cross House,
689,Bobby,Nets,Red Cross Campsite,
690,Micheal,Nets,Dhoby Xchange,
691,Jollyn,Nets,Dhoby Xchange,
692,Jack,Credit Card,Dhoby Xchange,maestro
693,Jollyn,Nets,Red Cross Campsite,
694,Bobby,Cash,Red Cross House,
695,Jollyn,Credit Card,Red Cross Campsite,jcb
696,Jollyn,Credit Card,Red Cross House,diners-club
697,Jack,Nets,Red Cross House,
698,Jollyn,Cash,Red Cross Campsite,
699,Jack,Credit Card,Red Cross House,switch
700,Bobby,Cash,Red Cross Campsite,
701,Jack,Cash,Red Cross Campsite,
702,Jollyn,Nets,Red Cross House,
703,Micheal,Cash,Red Cross Campsite,
704,Bobby,Credit Card,Dhoby Xchange,instapayment
705,Jack,Nets,Red Cross House,
706,Bobby,Nets,Red Cross House,
707,Bobby,Nets,Red Cross House,
708,Bobby,Nets,Dhoby Xchange,
709,Bobby,Cash,Red Cross Campsite,
710,Jollyn,Nets,Red Cross Campsite,
711,Bobby,Nets,Red Cross Campsite,
712,Micheal,Nets,Red Cross Campsite,
713,Bobby,Nets,Red Cross House,
714,Jack,Cash,Dhoby Xchange,
715,Jollyn,Cash,Dhoby Xchange,
716,Jollyn,Credit Card,Red Cross House,jcb
717,Jack,Credit Card,Red Cross House,jcb
718,Jollyn,Credit Card,Red Cross House,diners-club
719,Jack,Nets,Red Cross House,
720,Bobby,Credit Card,Red Cross Campsite,jcb
721,Jack,Cash,Red Cross House,
722,Bobby,Credit Card,Dhoby Xchange,jcb
723,Micheal,Credit Card,Red Cross Campsite,visa-electron
724,Jollyn,Cash,Red Cross Campsite,
725,Bobby,Nets,Dhoby Xchange,
726,Jack,Nets,Dhoby Xchange,
727,Jack,Credit Card,Red Cross House,jcb
728,Micheal,Cash,Red Cross Campsite,
729,Micheal,Credit Card,Red Cross Campsite,china-unionpay
730,Bobby,Nets,Red Cross Campsite,
731,Bobby,Cash,Red Cross House,
732,Jack,Cash,Red Cross House,
733,Bobby,Credit Card,Dhoby Xchange,jcb
734,Micheal,Credit Card,Red Cross Campsite,diners-club
735,Jack,Credit Card,Red Cross House,jcb
736,Jollyn,Credit Card,Red Cross Campsite,jcb
737,Micheal,Cash,Dhoby Xchange,
738,Jack,Cash,Dhoby Xchange,
739,Jollyn,Nets,Red Cross Campsite,
740,Jollyn,Cash,Red Cross House,
741,Micheal,Cash,Red Cross House,
742,Jack,Credit Card,Dhoby Xchange,jcb
743,Jack,Cash,Dhoby Xchange,
744,Jollyn,Nets,Dhoby Xchange,
745,Micheal,Cash,Dhoby Xchange,
746,Bobby,Credit Card,Red Cross House,jcb
747,Jollyn,Credit Card,Dhoby Xchange,diners-club
748,Jack,Cash,Dhoby Xchange,
749,Jollyn,Credit Card,Dhoby Xchange,switch
750,Micheal,Cash,Red Cross House,
751,Jollyn,Nets,Red Cross House,
752,Jollyn,Cash,Red Cross Campsite,
753,Micheal,Cash,Red Cross Campsite,
754,Jollyn,Nets,Dhoby Xchange,
755,Jollyn,Nets,Red Cross Campsite,
756,Micheal,Nets,Red Cross Campsite,
757,Bobby,Credit Card,Red Cross Campsite,jcb
758,Jollyn,Nets,Red Cross House,
759,Bobby,Nets,Red Cross Campsite,
760,Micheal,Cash,Red Cross House,
761,Micheal,Credit Card,Dhoby Xchange,maestro
762,Bobby,Cash,Dhoby Xchange,
763,Jollyn,Credit Card,Dhoby Xchange,instapayment
764,Jack,Nets,Dhoby Xchange,
765,Jollyn,Nets,Dhoby Xchange,
766,Jollyn,Credit Card,Dhoby Xchange,diners-club
767,Bobby,Cash,Dhoby Xchange,
768,Jollyn,Nets,Red Cross House,
769,Micheal,Credit Card,Red Cross Campsite,jcb
770,Jollyn,Credit Card,Red Cross Campsite,switch
771,Jack,Credit Card,Dhoby Xchange,instapayment
772,Micheal,Cash,Red Cross House,
773,Jollyn,Nets,Dhoby Xchange,
774,Jack,Nets,Red Cross House,
775,Jack,Nets,Red Cross House,
776,Micheal,Credit Card,Red Cross Campsite,jcb
777,Micheal,Credit Card,Dhoby Xchange,jcb
778,Jollyn,Credit Card,Dhoby Xchange,jcb
779,Jollyn,Nets,Red Cross Campsite,
780,Micheal,Nets,Dhoby Xchange,
781,Bobby,Credit Card,Dhoby Xchange,visa-electron
782,Micheal,Credit Card,Dhoby Xchange,diners-club
783,Bobby,Credit Card,Red Cross House,jcb
784,Jack,Credit Card,Red Cross Campsite,maestro
785,Bobby,Cash,Red Cross House,
786,Jollyn,Credit Card,Red Cross House,jcb
787,Jack,Nets,Red Cross House,
788,Bobby,Cash,Red Cross Campsite,
789,Jollyn,Cash,Red Cross Campsite,
790,Jollyn,Credit Card,Red Cross Campsite,switch
791,Jollyn,Credit Card,Red Cross House,switch
792,Bobby,Cash,Red Cross House,
793,Jollyn,Credit Card,Red Cross House,diners-club
794,Jack,Nets,Red Cross Campsite,
795,Bobby,Nets,Red Cross Campsite,
796,Bobby,Cash,Dhoby Xchange,
797,Jack,Credit Card,Red Cross House,maestro
798,Micheal,Credit Card,Dhoby Xchange,china-unionpay
799,Micheal,Cash,Red Cross House,
800,Jack,Nets,Red Cross House,
801,Bobby,Credit Card,Red Cross House,americanexpress
802,Bobby,Cash,Red Cross Campsite,
803,Micheal,Cash,Dhoby Xchange,
804,Jack,Nets,Dhoby Xchange,
805,Jack,Credit Card,Red Cross House,jcb
806,Jollyn,Credit Card,Red Cross Campsite,visa-electron
807,Micheal,Credit Card,Red Cross Campsite,jcb
808,Jollyn,Cash,Red Cross House,
809,Jack,Credit Card,Red Cross House,jcb
810,Bobby,Credit Card,Dhoby Xchange,americanexpress
811,Jollyn,Nets,Dhoby Xchange,
812,Micheal,Credit Card,Red Cross Campsite,switch
813,Jack,Credit Card,Red Cross House,americanexpress
814,Jack,Nets,Red Cross Campsite,
815,Jollyn,Cash,Dhoby Xchange,
816,Bobby,Nets,Red Cross Campsite,
817,Jack,Nets,Dhoby Xchange,
818,Bobby,Credit Card,Red Cross House,maestro
819,Jollyn,Credit Card,Dhoby Xchange,jcb
820,Jollyn,Cash,Red Cross House,
821,Jack,Credit Card,Red Cross House,jcb
822,Jack,Cash,Red Cross House,
823,Jollyn,Nets,Dhoby Xchange,
824,Jollyn,Cash,Dhoby Xchange,
825,Jollyn,Cash,Dhoby Xchange,
826,Jack,Cash,Red Cross House,
827,Bobby,Cash,Red Cross Campsite,
828,Bobby,Cash,Red Cross House,
829,Jollyn,Cash,Red Cross House,
830,Bobby,Credit Card,Red Cross House,switch
831,Bobby,Cash,Red Cross House,
832,Bobby,Cash,Dhoby Xchange,
833,Micheal,Credit Card,Dhoby Xchange,jcb
834,Micheal,Cash,Red Cross Campsite,
835,Jollyn,Cash,Red Cross Campsite,
836,Jollyn,Nets,Red Cross House,
837,Jollyn,Cash,Dhoby Xchange,
838,Jack,Nets,Red Cross House,
839,Bobby,Cash,Dhoby Xchange,
840,Bobby,Nets,Dhoby Xchange,
841,Bobby,Nets,Dhoby Xchange,
842,Micheal,Nets,Red Cross House,
843,Bobby,Credit Card,Red Cross House,maestro
844,Jollyn,Cash,Red Cross House,
845,Micheal,Cash,Red Cross House,
846,Micheal,Nets,Red Cross Campsite,
847,Bobby,Credit Card,Dhoby Xchange,jcb
848,Bobby,Nets,Red Cross Campsite,
849,Micheal,Cash,Red Cross House,
850,Jollyn,Nets,Red Cross Campsite,
851,Jack,Cash,Dhoby Xchange,
852,Micheal,Cash,Dhoby Xchange,
853,Jack,Nets,Red Cross Campsite,
854,Bobby,Nets,Red Cross House,
855,Jollyn,Cash,Red Cross House,
856,Jollyn,Credit Card,Dhoby Xchange,china-unionpay
857,Jollyn,Credit Card,Red Cross Campsite,jcb
858,Micheal,Credit Card,Red Cross Campsite,diners-club
859,Jollyn,Nets,Dhoby Xchange,
860,Bobby,Credit Card,Red Cross Campsite,jcb
861,Jollyn,Credit Card,Red Cross Campsite,china-unionpay
862,Jollyn,Credit Card,Dhoby Xchange,jcb
863,Micheal,Credit Card,Red Cross Campsite,china-unionpay
864,Bobby,Credit Card,Red Cross House,jcb
865,Jack,Cash,Red Cross Campsite,
866,Bobby,Credit Card,Red Cross Campsite,jcb
867,Jollyn,Cash,Red Cross Campsite,
868,Bobby,Credit Card,Red Cross Campsite,switch
869,Micheal,Credit Card,Dhoby Xchange,laser
870,Bobby,Cash,Red Cross Campsite,
871,Jollyn,Credit Card,Red Cross House,jcb
872,Bobby,Credit Card,Red Cross House,jcb
873,Micheal,Credit Card,Red Cross Campsite,jcb
874,Micheal,Credit Card,Red Cross House,switch
875,Jollyn,Credit Card,Red Cross Campsite,jcb
876,Jollyn,Cash,Dhoby Xchange,
877,Bobby,Nets,Red Cross House,
878,Micheal,Credit Card,Red Cross House,mastercard
879,Micheal,Cash,Red Cross House,
880,Bobby,Credit Card,Dhoby Xchange,jcb
881,Jack,Credit Card,Dhoby Xchange,china-unionpay
882,Jollyn,Cash,Dhoby Xchange,
883,Bobby,Nets,Dhoby Xchange,
884,Micheal,Cash,Red Cross House,
885,Jack,Credit Card,Red Cross Campsite,jcb
886,Jack,Cash,Red Cross House,
887,Micheal,Credit Card,Red Cross House,bankcard
888,Bobby,Nets,Red Cross House,
889,Jollyn,Cash,Red Cross Campsite,
890,Jollyn,Nets,Red Cross Campsite,
891,Jack,Nets,Dhoby Xchange,
892,Micheal,Nets,Red Cross House,
893,Bobby,Nets,Red Cross Campsite,
894,Jollyn,Credit Card,Dhoby Xchange,maestro
895,Jack,Cash,Red Cross House,
896,Micheal,Nets,Dhoby Xchange,
897,Bobby,Credit Card,Dhoby Xchange,jcb
898,Jollyn,Credit Card,Red Cross House,visa-electron
899,Micheal,Credit Card,Dhoby Xchange,visa-electron
900,Jollyn,Nets,Red Cross Campsite,
901,Micheal,Credit Card,Red Cross House,jcb
902,Jollyn,Cash,Dhoby Xchange,
903,Jack,Cash,Red Cross House,
904,Jack,Credit Card,Dhoby Xchange,diners-club
905,Micheal,Credit Card,Red Cross House,mastercard
906,Jack,Nets,Red Cross House,
907,Jack,Credit Card,Red Cross House,visa-electron
908,Micheal,Cash,Dhoby Xchange,
909,Jack,Nets,Dhoby Xchange,
910,Micheal,Credit Card,Red Cross House,switch
911,Micheal,Cash,Red Cross Campsite,
912,Jollyn,Cash,Red Cross Campsite,
913,Bobby,Nets,Red Cross Campsite,
914,Jollyn,Credit Card,Red Cross Campsite,instapayment
915,Jack,Cash,Red Cross House,
916,Jack,Credit Card,Dhoby Xchange,jcb
917,Bobby,Cash,Red Cross House,
918,Micheal,Nets,Red Cross Campsite,
919,Jack,Nets,Red Cross House,
920,Micheal,Credit Card,Red Cross House,instapayment
921,Jollyn,Credit Card,Dhoby Xchange,jcb
922,Jack,Cash,Red Cross House,
923,Jack,Cash,Red Cross House,
924,Jollyn,Nets,Red Cross Campsite,
925,Micheal,Cash,Red Cross Campsite,
926,Bobby,Credit Card,Red Cross House,diners-club
927,Jollyn,Nets,Red Cross House,
928,Jollyn,Cash,Red Cross House,
929,Jollyn,Nets,Red Cross House,
930,Jack,Cash,Red Cross House,
931,Jack,Credit Card,Dhoby Xchange,jcb
932,Jollyn,Nets,Dhoby Xchange,
933,Jollyn,Credit Card,Red Cross House,diners-club
934,Jollyn,Nets,Dhoby Xchange,
935,Micheal,Nets,Red Cross House,
936,Bobby,Cash,Red Cross House,
937,Bobby,Cash,Red Cross Campsite,
938,Bobby,Cash,Red Cross Campsite,
939,Bobby,Cash,Red Cross House,
940,Jack,Nets,Red Cross Campsite,
941,Jollyn,Credit Card,Red Cross Campsite,jcb
942,Bobby,Cash,Red Cross Campsite,
943,Jack,Nets,Dhoby Xchange,
944,Jack,Nets,Red Cross Campsite,
945,Jollyn,Nets,Red Cross House,
946,Jack,Credit Card,Red Cross House,diners-club
947,Bobby,Nets,Dhoby Xchange,
948,Micheal,Nets,Red Cross Campsite,
949,Jollyn,Credit Card,Red Cross Campsite,jcb
950,Jack,Nets,Dhoby Xchange,
951,Jollyn,Cash,Red Cross House,
952,Jack,Cash,Red Cross House,
953,Jollyn,Credit Card,Dhoby Xchange,jcb
954,Micheal,Credit Card,Red Cross Campsite,diners-club
955,Jollyn,Cash,Red Cross House,
956,Micheal,Credit Card,Red Cross House,china-unionpay
957,Jollyn,Credit Card,Dhoby Xchange,mastercard
958,Jack,Cash,Dhoby Xchange,
959,Bobby,Cash,Red Cross Campsite,
960,Jack,Cash,Red Cross Campsite,
961,Bobby,Cash,Red Cross Campsite,
962,Jollyn,Cash,Red Cross Campsite,
963,Bobby,Nets,Dhoby Xchange,
964,Jollyn,Credit Card,Red Cross Campsite,visa-electron
965,Jollyn,Nets,Dhoby Xchange,
966,Bobby,Nets,Dhoby Xchange,
967,Micheal,Nets,Red Cross House,
968,Jack,Nets,Dhoby Xchange,
969,Jack,Nets,Red Cross House,
970,Jollyn,Credit Card,Red Cross Campsite,switch
971,Micheal,Credit Card,Dhoby Xchange,instapayment
972,Jollyn,Cash,Dhoby Xchange,
973,Micheal,Credit Card,Red Cross House,visa-electron
974,Jack,Cash,Red Cross Campsite,
975,Jollyn,Nets,Dhoby Xchange,
976,Bobby,Nets,Red Cross Campsite,
977,Jollyn,Cash,Dhoby Xchange,
978,Jollyn,Cash,Red Cross House,
979,Micheal,Cash,Dhoby Xchange,
980,Jollyn,Credit Card,Red Cross House,bankcard
981,Jollyn,Cash,Red Cross House,
982,Jack,Credit Card,Dhoby Xchange,bankcard
983,Micheal,Credit Card,Red Cross House,jcb
984,Jack,Cash,Red Cross Campsite,
985,Micheal,Credit Card,Dhoby Xchange,americanexpress
986,Jack,Cash,Dhoby Xchange,
987,Jollyn,Cash,Dhoby Xchange,
988,Bobby,Nets,Red Cross Campsite,
989,Micheal,Nets,Red Cross House,
990,Micheal,Nets,Dhoby Xchange,
991,Micheal,Cash,Dhoby Xchange,
992,Jollyn,Credit Card,Dhoby Xchange,visa-electron
993,Jollyn,Credit Card,Red Cross Campsite,bankcard
994,Jollyn,Nets,Dhoby Xchange,
995,Bobby,Nets,Red Cross House,
996,Micheal,Credit Card,Red Cross Campsite,jcb
997,Jollyn,Credit Card,Red Cross Campsite,americanexpress
998,Jack,Credit Card,Dhoby Xchange,mastercard
999,Micheal,Nets,Dhoby Xchange,
1000,Micheal,Credit Card,Dhoby Xchange,bankcard
